1.0,0.0,8.75,17.5,26.25,35.0,43.75,52.5,61.25,70.0,70.0,70.0,70.0,70.0,70.0,70.0,70.0,70.0,70.0,70.0,70.0,70.0,70.0,70.0,70.0,70.0,70.0,70.0,70.0
1.0,0.0,8.75,17.5,26.25,35.0,43.75,52.5,61.25,70.0,70.0,70.0,70.0,70.0,70.0,70.0,70.0,70.0,70.0,70.0,70.0,70.0,70.0,70.0,70.0,70.0,70.0,70.0,70.0
1.0,0.0,8.75,17.5,26.25,35.0,43.75,52.5,61.25,70.0,70.0,70.0,70.0,70.0,70.0,70.0,70.0,70.0,70.0,70.0,70.0,70.0,70.0,70.0,70.0,70.0,70.0,70.0,70.0
1.0,0.0,8.75,17.5,26.25,35.0,43.75,52.5,61.25,70.0,70.0,70.0,70.0,70.0,70.0,70.0,70.0,70.0,70.0,70.0,70.0,70.0,70.0,70.0,70.0,70.0,70.0,70.0,70.0
1.0,0.0,8.75,17.5,26.25,35.0,43.75,52.5,61.25,70.0,70.0,70.0,70.0,70.0,70.0,70.0,70.0,70.0,70.0,70.0,70.0,70.0,70.0,70.0,70.0,70.0,70.0,70.0,70.0
1.0,0.0,8.75,17.5,26.25,35.0,43.75,52.5,61.25,70.0,70.0,70.0,70.0,70.0,70.0,70.0,70.0,70.0,70.0,70.0,70.0,70.0,70.0,70.0,70.0,70.0,70.0,70.0,70.0
1.0,0.0,8.75,17.5,26.25,35.0,43.75,52.5,61.25,70.0,70.0,70.0,70.0,70.0,70.0,70.0,70.0,70.0,70.0,70.0,70.0,70.0,70.0,70.0,70.0,70.0,70.0,70.0,70.0
1.0,0.0,8.75,17.5,26.25,35.0,43.75,52.5,61.25,70.0,70.0,70.0,70.0,70.0,70.0,70.0,70.0,70.0,70.0,70.0,70.0,70.0,70.0,70.0,70.0,70.0,70.0,70.0,70.0
1.0,0.0,8.75,17.5,26.25,35.0,43.75,52.5,61.25,70.0,70.0,70.0,70.0,70.0,70.0,70.0,70.0,70.0,70.0,70.0,70.0,70.0,70.0,70.0,70.0,70.0,70.0,70.0,70.0
1.0,0.0,8.75,17.5,26.25,35.0,43.75,52.5,61.25,70.0,70.0,70.0,70.0,70.0,70.0,70.0,70.0,70.0,70.0,70.0,70.0,70.0,70.0,70.0,70.0,70.0,70.0,70.0,70.0
1.0,0.0,8.75,17.5,26.25,35.0,43.75,52.5,61.25,70.0,70.0,70.0,70.0,70.0,70.0,70.0,70.0,70.0,70.0,70.0,70.0,70.0,70.0,70.0,70.0,70.0,70.0,70.0,70.0
1.0,0.0,8.75,17.5,26.25,35.0,43.75,52.5,61.25,70.0,70.0,70.0,70.0,70.0,70.0,70.0,70.0,70.0,70.0,70.0,70.0,70.0,70.0,70.0,70.0,70.0,70.0,70.0,70.0
1.0,0.0,8.75,17.5,26.25,35.0,43.75,52.5,61.25,70.0,70.0,70.0,70.0,70.0,70.0,70.0,70.0,70.0,70.0,70.0,70.0,70.0,70.0,70.0,70.0,70.0,70.0,70.0,70.0
1.0,0.0,8.75,17.5,26.25,35.0,43.75,52.5,61.25,70.0,70.0,70.0,70.0,70.0,70.0,70.0,70.0,70.0,70.0,70.0,70.0,70.0,70.0,70.0,70.0,70.0,70.0,70.0,70.0
1.0,0.0,8.75,17.5,26.25,35.0,43.75,52.5,61.25,70.0,70.0,70.0,70.0,70.0,70.0,70.0,70.0,70.0,70.0,70.0,70.0,70.0,70.0,70.0,70.0,70.0,70.0,70.0,70.0
1.0,0.0,8.75,17.5,26.25,35.0,43.75,52.5,61.25,70.0,70.0,70.0,70.0,70.0,70.0,70.0,70.0,70.0,70.0,70.0,70.0,70.0,70.0,70.0,70.0,70.0,70.0,70.0,70.0
1.0,0.0,8.75,17.5,26.25,35.0,43.75,52.5,61.25,70.0,70.0,70.0,70.0,70.0,70.0,70.0,70.0,70.0,70.0,70.0,70.0,70.0,70.0,70.0,70.0,70.0,70.0,70.0,70.0
1.0,0.0,8.75,17.5,26.25,35.0,43.75,52.5,61.25,70.0,70.0,70.0,70.0,70.0,70.0,70.0,70.0,70.0,70.0,70.0,70.0,70.0,70.0,70.0,70.0,70.0,70.0,70.0,70.0
1.0,0.0,8.75,17.5,26.25,35.0,43.75,52.5,61.25,70.0,70.0,70.0,70.0,70.0,70.0,70.0,70.0,70.0,70.0,70.0,70.0,70.0,70.0,70.0,70.0,70.0,70.0,70.0,70.0
1.0,0.0,8.75,17.5,26.25,35.0,43.75,52.5,61.25,70.0,70.0,70.0,70.0,70.0,70.0,70.0,70.0,70.0,70.0,70.0,70.0,70.0,70.0,70.0,70.0,70.0,70.0,70.0,70.0
1.0,0.0,8.75,17.5,26.25,35.0,43.75,52.5,61.25,70.0,70.0,70.0,70.0,70.0,70.0,70.0,70.0,70.0,70.0,70.0,70.0,70.0,70.0,70.0,70.0,70.0,70.0,70.0,70.0
1.0,0.0,8.75,17.5,26.25,35.0,43.75,52.5,61.25,70.0,70.0,70.0,70.0,70.0,70.0,70.0,70.0,70.0,70.0,70.0,70.0,70.0,70.0,70.0,70.0,70.0,70.0,70.0,70.0
1.0,0.0,8.75,17.5,26.25,35.0,43.75,52.5,61.25,70.0,70.0,70.0,70.0,70.0,70.0,70.0,70.0,70.0,70.0,70.0,70.0,70.0,70.0,70.0,70.0,70.0,70.0,70.0,70.0
1.0,0.0,8.75,17.5,26.25,35.0,43.75,52.5,61.25,70.0,70.0,70.0,70.0,70.0,70.0,70.0,70.0,70.0,70.0,70.0,70.0,70.0,70.0,70.0,70.0,70.0,70.0,70.0,70.0
1.0,0.0,8.75,17.5,26.25,35.0,43.75,52.5,61.25,70.0,70.0,70.0,70.0,70.0,70.0,70.0,70.0,70.0,70.0,70.0,70.0,70.0,70.0,70.0,70.0,70.0,70.0,70.0,70.0
1.0,0.0,8.75,17.5,26.25,35.0,43.75,52.5,61.25,70.0,70.0,70.0,70.0,70.0,70.0,70.0,70.0,70.0,70.0,70.0,70.0,70.0,70.0,70.0,70.0,70.0,70.0,70.0,70.0
1.0,0.0,8.75,17.5,26.25,35.0,43.75,52.5,61.25,70.0,70.0,70.0,70.0,70.0,70.0,70.0,70.0,70.0,70.0,70.0,70.0,70.0,70.0,70.0,70.0,70.0,70.0,70.0,70.0
1.0,0.0,8.75,17.5,26.25,35.0,43.75,52.5,61.25,70.0,70.0,70.0,70.0,70.0,70.0,70.0,70.0,70.0,70.0,70.0,70.0,70.0,70.0,70.0,70.0,70.0,70.0,70.0,70.0
1.0,0.0,8.75,17.5,26.25,35.0,43.75,52.5,61.25,70.0,70.0,70.0,70.0,70.0,70.0,70.0,70.0,70.0,70.0,70.0,70.0,70.0,70.0,70.0,70.0,70.0,70.0,70.0,70.0
1.0,0.0,8.75,17.5,26.25,35.0,43.75,52.5,61.25,70.0,70.0,70.0,70.0,70.0,70.0,70.0,70.0,70.0,70.0,70.0,70.0,70.0,70.0,70.0,70.0,70.0,70.0,70.0,70.0
1.0,0.0,8.75,17.5,26.25,35.0,43.75,52.5,61.25,70.0,70.0,70.0,70.0,70.0,70.0,70.0,70.0,70.0,70.0,70.0,70.0,70.0,70.0,70.0,70.0,70.0,70.0,70.0,70.0
1.0,0.0,8.75,17.5,26.25,35.0,43.75,52.5,61.25,70.0,70.0,70.0,70.0,70.0,70.0,70.0,70.0,70.0,70.0,70.0,70.0,70.0,70.0,70.0,70.0,70.0,70.0,70.0,70.0
1.0,0.0,8.75,17.5,26.25,35.0,43.75,52.5,61.25,70.0,70.0,70.0,70.0,70.0,70.0,70.0,70.0,70.0,70.0,70.0,70.0,70.0,70.0,70.0,70.0,70.0,70.0,70.0,70.0
1.0,0.0,8.75,17.5,26.25,35.0,43.75,52.5,61.25,70.0,70.0,70.0,70.0,70.0,70.0,70.0,70.0,70.0,70.0,70.0,70.0,70.0,70.0,70.0,70.0,70.0,70.0,70.0,70.0
1.0,0.0,8.75,17.5,26.25,35.0,43.75,52.5,61.25,70.0,70.0,70.0,70.0,70.0,70.0,70.0,70.0,70.0,70.0,70.0,70.0,70.0,70.0,70.0,70.0,70.0,70.0,70.0,70.0
1.0,0.0,8.75,17.5,26.25,35.0,43.75,52.5,61.25,70.0,70.0,70.0,70.0,70.0,70.0,70.0,70.0,70.0,70.0,70.0,70.0,70.0,70.0,70.0,70.0,70.0,70.0,70.0,70.0
1.0,0.0,8.75,17.5,26.25,35.0,43.75,52.5,61.25,70.0,70.0,70.0,70.0,70.0,70.0,70.0,70.0,70.0,70.0,70.0,70.0,70.0,70.0,70.0,70.0,70.0,70.0,70.0,70.0
1.0,0.0,8.75,17.5,26.25,35.0,43.75,52.5,61.25,70.0,70.0,70.0,70.0,70.0,70.0,70.0,70.0,70.0,70.0,70.0,70.0,70.0,70.0,70.0,70.0,70.0,70.0,70.0,70.0
1.0,0.0,8.75,17.5,26.25,35.0,43.75,52.5,61.25,70.0,70.0,70.0,70.0,70.0,70.0,70.0,70.0,70.0,70.0,70.0,70.0,70.0,70.0,70.0,70.0,70.0,70.0,70.0,70.0
1.0,0.0,8.75,17.5,26.25,35.0,43.75,52.5,61.25,70.0,70.0,70.0,70.0,70.0,70.0,70.0,70.0,70.0,70.0,70.0,70.0,70.0,70.0,70.0,70.0,70.0,70.0,70.0,70.0
1.0,0.0,8.75,17.5,26.25,35.0,43.75,52.5,61.25,70.0,70.0,70.0,70.0,70.0,70.0,70.0,70.0,70.0,70.0,70.0,70.0,70.0,70.0,70.0,70.0,70.0,70.0,70.0,70.0
1.0,0.0,8.75,17.5,26.25,35.0,43.75,52.5,61.25,70.0,70.0,70.0,70.0,70.0,70.0,70.0,70.0,70.0,70.0,70.0,70.0,70.0,70.0,70.0,70.0,70.0,70.0,70.0,70.0
1.0,0.0,8.75,17.5,26.25,35.0,43.75,52.5,61.25,70.0,70.0,70.0,70.0,70.0,70.0,70.0,70.0,70.0,70.0,70.0,70.0,70.0,70.0,70.0,70.0,70.0,70.0,70.0,70.0
1.0,0.0,8.75,17.5,26.25,35.0,43.75,52.5,61.25,70.0,70.0,70.0,70.0,70.0,70.0,70.0,70.0,70.0,70.0,70.0,70.0,70.0,70.0,70.0,70.0,70.0,70.0,70.0,70.0
1.0,0.0,8.75,17.5,26.25,35.0,43.75,52.5,61.25,70.0,70.0,70.0,70.0,70.0,70.0,70.0,70.0,70.0,70.0,70.0,70.0,70.0,70.0,70.0,70.0,70.0,70.0,70.0,70.0
1.0,0.0,8.75,17.5,26.25,35.0,43.75,52.5,61.25,70.0,70.0,70.0,70.0,70.0,70.0,70.0,70.0,70.0,70.0,70.0,70.0,70.0,70.0,70.0,70.0,70.0,70.0,70.0,70.0
1.0,0.0,8.75,17.5,26.25,35.0,43.75,52.5,61.25,70.0,70.0,70.0,70.0,70.0,70.0,70.0,70.0,70.0,70.0,70.0,70.0,70.0,70.0,70.0,70.0,70.0,70.0,70.0,70.0
1.0,0.0,8.75,17.5,26.25,35.0,43.75,52.5,61.25,70.0,70.0,70.0,70.0,70.0,70.0,70.0,70.0,70.0,70.0,70.0,70.0,70.0,70.0,70.0,70.0,70.0,70.0,70.0,70.0
1.0,0.0,8.75,17.5,26.25,35.0,43.75,52.5,61.25,70.0,70.0,70.0,70.0,70.0,70.0,70.0,70.0,70.0,70.0,70.0,70.0,70.0,70.0,70.0,70.0,70.0,70.0,70.0,70.0
1.0,0.0,8.75,17.5,26.25,35.0,43.75,52.5,61.25,70.0,70.0,70.0,70.0,70.0,70.0,70.0,70.0,70.0,70.0,70.0,70.0,70.0,70.0,70.0,70.0,70.0,70.0,70.0,70.0
1.0,0.0,8.75,17.5,26.25,35.0,43.75,52.5,61.25,70.0,70.0,70.0,70.0,70.0,70.0,70.0,70.0,70.0,70.0,70.0,70.0,70.0,70.0,70.0,70.0,70.0,70.0,70.0,70.0
1.0,0.0,8.75,17.5,26.25,35.0,43.75,52.5,61.25,70.0,70.0,70.0,70.0,70.0,70.0,70.0,70.0,70.0,70.0,70.0,70.0,70.0,70.0,70.0,70.0,70.0,70.0,70.0,70.0
1.0,0.0,8.75,17.5,26.25,35.0,43.75,52.5,61.25,70.0,70.0,70.0,70.0,70.0,70.0,70.0,70.0,70.0,70.0,70.0,70.0,70.0,70.0,70.0,70.0,70.0,70.0,70.0,70.0
1.0,0.0,8.75,17.5,26.25,35.0,43.75,52.5,61.25,70.0,70.0,70.0,70.0,70.0,70.0,70.0,70.0,70.0,70.0,70.0,70.0,70.0,70.0,70.0,70.0,70.0,70.0,70.0,70.0
1.0,0.0,8.75,17.5,26.25,35.0,43.75,52.5,61.25,70.0,70.0,70.0,70.0,70.0,70.0,70.0,70.0,70.0,70.0,70.0,70.0,70.0,70.0,70.0,70.0,70.0,70.0,70.0,70.0
1.0,0.0,8.75,17.5,26.25,35.0,43.75,52.5,61.25,70.0,70.0,70.0,70.0,70.0,70.0,70.0,70.0,70.0,70.0,70.0,70.0,70.0,70.0,70.0,70.0,70.0,70.0,70.0,70.0
1.0,0.0,8.75,17.5,26.25,35.0,43.75,52.5,61.25,70.0,70.0,70.0,70.0,70.0,70.0,70.0,70.0,70.0,70.0,70.0,70.0,70.0,70.0,70.0,70.0,70.0,70.0,70.0,70.0
1.0,0.0,8.75,17.5,26.25,35.0,43.75,52.5,61.25,70.0,70.0,70.0,70.0,70.0,70.0,70.0,70.0,70.0,70.0,70.0,70.0,70.0,70.0,70.0,70.0,70.0,70.0,70.0,70.0
1.0,0.0,8.75,17.5,26.25,35.0,43.75,52.5,61.25,70.0,70.0,70.0,70.0,70.0,70.0,70.0,70.0,70.0,70.0,70.0,70.0,70.0,70.0,70.0,70.0,70.0,70.0,70.0,70.0
1.0,0.0,8.75,17.5,26.25,35.0,43.75,52.5,61.25,70.0,70.0,70.0,70.0,70.0,70.0,70.0,70.0,70.0,70.0,70.0,70.0,70.0,70.0,70.0,70.0,70.0,70.0,70.0,70.0
1.0,0.0,8.75,17.5,26.25,35.0,43.75,52.5,61.25,70.0,70.0,70.0,70.0,70.0,70.0,70.0,70.0,70.0,70.0,70.0,70.0,70.0,70.0,70.0,70.0,70.0,70.0,70.0,70.0
1.0,0.0,8.75,17.5,26.25,35.0,43.75,52.5,61.25,70.0,70.0,70.0,70.0,70.0,70.0,70.0,70.0,70.0,70.0,70.0,70.0,70.0,70.0,70.0,70.0,70.0,70.0,70.0,70.0
1.0,0.0,8.75,17.5,26.25,35.0,43.75,52.5,61.25,70.0,70.0,70.0,70.0,70.0,70.0,70.0,70.0,70.0,70.0,70.0,70.0,70.0,70.0,70.0,70.0,70.0,70.0,70.0,70.0
1.0,0.0,8.75,17.5,26.25,35.0,43.75,52.5,61.25,70.0,70.0,70.0,70.0,70.0,70.0,70.0,70.0,70.0,70.0,70.0,70.0,70.0,70.0,70.0,70.0,70.0,70.0,70.0,70.0
1.0,0.0,8.75,17.5,26.25,35.0,43.75,52.5,61.25,70.0,70.0,70.0,70.0,70.0,70.0,70.0,70.0,70.0,70.0,70.0,70.0,70.0,70.0,70.0,70.0,70.0,70.0,70.0,70.0
2.0,0.0,8.75,17.5,26.25,35.0,43.75,52.5,61.25,70.0,70.0,70.0,70.0,70.0,70.0,70.0,70.0,70.0,70.0,70.0,70.0,70.0,70.0,70.0,70.0,70.0,70.0,70.0,70.0
2.0,0.0,8.75,17.5,26.25,35.0,43.75,52.5,61.25,70.0,70.0,70.0,70.0,70.0,70.0,70.0,70.0,70.0,70.0,70.0,70.0,70.0,70.0,70.0,70.0,70.0,70.0,70.0,70.0
2.0,0.0,8.75,17.5,26.25,35.0,43.75,52.5,61.25,70.0,70.0,70.0,70.0,70.0,70.0,70.0,70.0,70.0,70.0,70.0,70.0,70.0,70.0,70.0,70.0,70.0,70.0,70.0,70.0
2.0,0.0,8.75,17.5,26.25,35.0,43.75,52.5,61.25,70.0,70.0,70.0,70.0,70.0,70.0,70.0,70.0,70.0,70.0,70.0,70.0,70.0,70.0,70.0,70.0,70.0,70.0,70.0,70.0
2.0,0.0,8.75,17.5,26.25,35.0,43.75,52.5,61.25,70.0,70.0,70.0,70.0,70.0,70.0,70.0,70.0,70.0,70.0,70.0,70.0,70.0,70.0,70.0,70.0,70.0,70.0,70.0,70.0
2.0,0.0,8.75,17.5,26.25,35.0,43.75,52.5,61.25,70.0,70.0,70.0,70.0,70.0,70.0,70.0,70.0,70.0,70.0,70.0,70.0,70.0,70.0,70.0,70.0,70.0,70.0,70.0,70.0
2.0,0.0,8.75,17.5,26.25,35.0,43.75,52.5,61.25,70.0,70.0,70.0,70.0,70.0,70.0,70.0,70.0,70.0,70.0,70.0,70.0,70.0,70.0,70.0,70.0,70.0,70.0,70.0,70.0
2.0,0.0,8.75,17.5,26.25,35.0,43.75,52.5,61.25,70.0,70.0,70.0,70.0,70.0,70.0,70.0,70.0,70.0,70.0,70.0,70.0,70.0,70.0,70.0,70.0,70.0,70.0,70.0,70.0
2.0,0.0,8.75,17.5,26.25,35.0,43.75,52.5,61.25,70.0,70.0,70.0,70.0,70.0,70.0,70.0,70.0,70.0,70.0,70.0,70.0,70.0,70.0,70.0,70.0,70.0,70.0,70.0,70.0
2.0,0.0,8.75,17.5,26.25,35.0,43.75,52.5,61.25,70.0,70.0,70.0,70.0,70.0,70.0,70.0,70.0,70.0,70.0,70.0,70.0,70.0,70.0,70.0,70.0,70.0,70.0,70.0,70.0
2.0,0.0,8.75,17.5,26.25,35.0,43.75,52.5,61.25,70.0,70.0,70.0,70.0,70.0,70.0,70.0,70.0,70.0,70.0,70.0,70.0,70.0,70.0,70.0,70.0,70.0,70.0,70.0,70.0
2.0,0.0,8.75,17.5,26.25,35.0,43.75,52.5,61.25,70.0,70.0,70.0,70.0,70.0,70.0,70.0,70.0,70.0,70.0,70.0,70.0,70.0,70.0,70.0,70.0,70.0,70.0,70.0,70.0
2.0,0.0,8.75,17.5,26.25,35.0,43.75,52.5,61.25,70.0,70.0,70.0,70.0,70.0,70.0,70.0,70.0,70.0,70.0,70.0,70.0,70.0,70.0,70.0,70.0,70.0,70.0,70.0,70.0
2.0,0.0,8.75,17.5,26.25,35.0,43.75,52.5,61.25,70.0,70.0,70.0,70.0,70.0,70.0,70.0,70.0,70.0,70.0,70.0,70.0,70.0,70.0,70.0,70.0,70.0,70.0,70.0,70.0
2.0,0.0,8.75,17.5,26.25,35.0,43.75,52.5,61.25,70.0,70.0,70.0,70.0,70.0,70.0,70.0,70.0,70.0,70.0,70.0,70.0,70.0,70.0,70.0,70.0,70.0,70.0,70.0,70.0
2.0,0.0,8.75,17.5,26.25,35.0,43.75,52.5,61.25,70.0,70.0,70.0,70.0,70.0,70.0,70.0,70.0,70.0,70.0,70.0,70.0,70.0,70.0,70.0,70.0,70.0,70.0,70.0,70.0
2.0,0.0,8.75,17.5,26.25,35.0,43.75,52.5,61.25,70.0,70.0,70.0,70.0,70.0,70.0,70.0,70.0,70.0,70.0,70.0,70.0,70.0,70.0,70.0,70.0,70.0,70.0,70.0,70.0
2.0,0.0,8.75,17.5,26.25,35.0,43.75,52.5,61.25,70.0,70.0,70.0,70.0,70.0,70.0,70.0,70.0,70.0,70.0,70.0,70.0,70.0,70.0,70.0,70.0,70.0,70.0,70.0,70.0
2.0,0.0,8.75,17.5,26.25,35.0,43.75,52.5,61.25,70.0,70.0,70.0,70.0,70.0,70.0,70.0,70.0,70.0,70.0,70.0,70.0,70.0,70.0,70.0,70.0,70.0,70.0,70.0,70.0
2.0,0.0,8.75,17.5,26.25,35.0,43.75,52.5,61.25,70.0,70.0,70.0,70.0,70.0,70.0,70.0,70.0,70.0,70.0,70.0,70.0,70.0,70.0,70.0,70.0,70.0,70.0,70.0,70.0
2.0,0.0,8.75,17.5,26.25,35.0,43.75,52.5,61.25,70.0,70.0,70.0,70.0,70.0,70.0,70.0,70.0,70.0,70.0,70.0,70.0,70.0,70.0,70.0,70.0,70.0,70.0,70.0,70.0
2.0,0.0,8.75,17.5,26.25,35.0,43.75,52.5,61.25,70.0,70.0,70.0,70.0,70.0,70.0,70.0,70.0,70.0,70.0,70.0,70.0,70.0,70.0,70.0,70.0,70.0,70.0,70.0,70.0
2.0,0.0,8.75,17.5,26.25,35.0,43.75,52.5,61.25,70.0,70.0,70.0,70.0,70.0,70.0,70.0,70.0,70.0,70.0,70.0,70.0,70.0,70.0,70.0,70.0,70.0,70.0,70.0,70.0
2.0,0.0,8.75,17.5,26.25,35.0,43.75,52.5,61.25,70.0,70.0,70.0,70.0,70.0,70.0,70.0,70.0,70.0,70.0,70.0,70.0,70.0,70.0,70.0,70.0,70.0,70.0,70.0,70.0
2.0,0.0,8.75,17.5,26.25,35.0,43.75,52.5,61.25,70.0,70.0,70.0,70.0,70.0,70.0,70.0,70.0,70.0,70.0,70.0,70.0,70.0,70.0,70.0,70.0,70.0,70.0,70.0,70.0
2.0,0.0,8.75,17.5,26.25,35.0,43.75,52.5,61.25,70.0,70.0,70.0,70.0,70.0,70.0,70.0,70.0,70.0,70.0,70.0,70.0,70.0,70.0,70.0,70.0,70.0,70.0,70.0,70.0
2.0,0.0,8.75,17.5,26.25,35.0,43.75,52.5,61.25,70.0,70.0,70.0,70.0,70.0,70.0,70.0,70.0,70.0,70.0,70.0,70.0,70.0,70.0,70.0,70.0,70.0,70.0,70.0,70.0
2.0,0.0,8.75,17.5,26.25,35.0,43.75,52.5,61.25,70.0,70.0,70.0,70.0,70.0,70.0,70.0,70.0,70.0,70.0,70.0,70.0,70.0,70.0,70.0,70.0,70.0,70.0,70.0,70.0
2.0,0.0,8.75,17.5,26.25,35.0,43.75,52.5,61.25,70.0,70.0,70.0,70.0,70.0,70.0,70.0,70.0,70.0,70.0,70.0,70.0,70.0,70.0,70.0,70.0,70.0,70.0,70.0,70.0
2.0,0.0,8.75,17.5,26.25,35.0,43.75,52.5,61.25,70.0,70.0,70.0,70.0,70.0,70.0,70.0,70.0,70.0,70.0,70.0,70.0,70.0,70.0,70.0,70.0,70.0,70.0,70.0,70.0
2.0,0.0,8.75,17.5,26.25,35.0,43.75,52.5,61.25,70.0,70.0,70.0,70.0,70.0,70.0,70.0,70.0,70.0,70.0,70.0,70.0,70.0,70.0,70.0,70.0,70.0,70.0,70.0,70.0
2.0,0.0,8.75,17.5,26.25,35.0,43.75,52.5,61.25,70.0,70.0,70.0,70.0,70.0,70.0,70.0,70.0,70.0,70.0,70.0,70.0,70.0,70.0,70.0,70.0,70.0,70.0,70.0,70.0
2.0,0.0,8.75,17.5,26.25,35.0,43.75,52.5,61.25,70.0,70.0,70.0,70.0,70.0,70.0,70.0,70.0,70.0,70.0,70.0,70.0,70.0,70.0,70.0,70.0,70.0,70.0,70.0,70.0
2.0,0.0,8.75,17.5,26.25,35.0,43.75,52.5,61.25,70.0,70.0,70.0,70.0,70.0,70.0,70.0,70.0,70.0,70.0,70.0,70.0,70.0,70.0,70.0,70.0,70.0,70.0,70.0,70.0
2.0,0.0,8.75,17.5,26.25,35.0,43.75,52.5,61.25,70.0,70.0,70.0,70.0,70.0,70.0,70.0,70.0,70.0,70.0,70.0,70.0,70.0,70.0,70.0,70.0,70.0,70.0,70.0,70.0
2.0,0.0,8.75,17.5,26.25,35.0,43.75,52.5,61.25,70.0,70.0,70.0,70.0,70.0,70.0,70.0,70.0,70.0,70.0,70.0,70.0,70.0,70.0,70.0,70.0,70.0,70.0,70.0,70.0
2.0,0.0,8.75,17.5,26.25,35.0,43.75,52.5,61.25,70.0,70.0,70.0,70.0,70.0,70.0,70.0,70.0,70.0,70.0,70.0,70.0,70.0,70.0,70.0,70.0,70.0,70.0,70.0,70.0
2.0,0.0,8.75,17.5,26.25,35.0,43.75,52.5,61.25,70.0,70.0,70.0,70.0,70.0,70.0,70.0,70.0,70.0,70.0,70.0,70.0,70.0,70.0,70.0,70.0,70.0,70.0,70.0,70.0
2.0,0.0,8.75,17.5,26.25,35.0,43.75,52.5,61.25,70.0,70.0,70.0,70.0,70.0,70.0,70.0,70.0,70.0,70.0,70.0,70.0,70.0,70.0,70.0,70.0,70.0,70.0,70.0,70.0
2.0,0.0,8.75,17.5,26.25,35.0,43.75,52.5,61.25,70.0,70.0,70.0,70.0,70.0,70.0,70.0,70.0,70.0,70.0,70.0,70.0,70.0,70.0,70.0,70.0,70.0,70.0,70.0,70.0
2.0,0.0,8.75,17.5,26.25,35.0,43.75,52.5,61.25,70.0,70.0,70.0,70.0,70.0,70.0,70.0,70.0,70.0,70.0,70.0,70.0,70.0,70.0,70.0,70.0,70.0,70.0,70.0,70.0
2.0,0.0,8.75,17.5,26.25,35.0,43.75,52.5,61.25,70.0,70.0,70.0,70.0,70.0,70.0,70.0,70.0,70.0,70.0,70.0,70.0,70.0,70.0,70.0,70.0,70.0,70.0,70.0,70.0
2.0,0.0,8.75,17.5,26.25,35.0,43.75,52.5,61.25,70.0,70.0,70.0,70.0,70.0,70.0,70.0,70.0,70.0,70.0,70.0,70.0,70.0,70.0,70.0,70.0,70.0,70.0,70.0,70.0
2.0,0.0,8.75,17.5,26.25,35.0,43.75,52.5,61.25,70.0,70.0,70.0,70.0,70.0,70.0,70.0,70.0,70.0,70.0,70.0,70.0,70.0,70.0,70.0,70.0,70.0,70.0,70.0,70.0
2.0,0.0,8.75,17.5,26.25,35.0,43.75,52.5,61.25,70.0,70.0,70.0,70.0,70.0,70.0,70.0,70.0,70.0,70.0,70.0,70.0,70.0,70.0,70.0,70.0,70.0,70.0,70.0,70.0
2.0,0.0,8.75,17.5,26.25,35.0,43.75,52.5,61.25,70.0,70.0,70.0,70.0,70.0,70.0,70.0,70.0,70.0,70.0,70.0,70.0,70.0,70.0,70.0,70.0,70.0,70.0,70.0,70.0
2.0,0.0,8.75,17.5,26.25,35.0,43.75,52.5,61.25,70.0,70.0,70.0,70.0,70.0,70.0,70.0,70.0,70.0,70.0,70.0,70.0,70.0,70.0,70.0,70.0,70.0,70.0,70.0,70.0
2.0,0.0,8.75,17.5,26.25,35.0,43.75,52.5,61.25,70.0,70.0,70.0,70.0,70.0,70.0,70.0,70.0,70.0,70.0,70.0,70.0,70.0,70.0,70.0,70.0,70.0,70.0,70.0,70.0
2.0,0.0,8.75,17.5,26.25,35.0,43.75,52.5,61.25,70.0,70.0,70.0,70.0,70.0,70.0,70.0,70.0,70.0,70.0,70.0,70.0,70.0,70.0,70.0,70.0,70.0,70.0,70.0,70.0
2.0,0.0,8.75,17.5,26.25,35.0,43.75,52.5,61.25,70.0,70.0,70.0,70.0,70.0,70.0,70.0,70.0,70.0,70.0,70.0,70.0,70.0,70.0,70.0,70.0,70.0,70.0,70.0,70.0
2.0,0.0,8.75,17.5,26.25,35.0,43.75,52.5,61.25,70.0,70.0,70.0,70.0,70.0,70.0,70.0,70.0,70.0,70.0,70.0,70.0,70.0,70.0,70.0,70.0,70.0,70.0,70.0,70.0
2.0,0.0,8.75,17.5,26.25,35.0,43.75,52.5,61.25,70.0,70.0,70.0,70.0,70.0,70.0,70.0,70.0,70.0,70.0,70.0,70.0,70.0,70.0,70.0,70.0,70.0,70.0,70.0,70.0
2.0,0.0,8.75,17.5,26.25,35.0,43.75,52.5,61.25,70.0,70.0,70.0,70.0,70.0,70.0,70.0,70.0,70.0,70.0,70.0,70.0,70.0,70.0,70.0,70.0,70.0,70.0,70.0,70.0
2.0,0.0,8.75,17.5,26.25,35.0,43.75,52.5,61.25,70.0,70.0,70.0,70.0,70.0,70.0,70.0,70.0,70.0,70.0,70.0,70.0,70.0,70.0,70.0,70.0,70.0,70.0,70.0,70.0
2.0,0.0,8.75,17.5,26.25,35.0,43.75,52.5,61.25,70.0,70.0,70.0,70.0,70.0,70.0,70.0,70.0,70.0,70.0,70.0,70.0,70.0,70.0,70.0,70.0,70.0,70.0,70.0,70.0
2.0,0.0,8.75,17.5,26.25,35.0,43.75,52.5,61.25,70.0,70.0,70.0,70.0,70.0,70.0,70.0,70.0,70.0,70.0,70.0,70.0,70.0,70.0,70.0,70.0,70.0,70.0,70.0,70.0
2.0,0.0,8.75,17.5,26.25,35.0,43.75,52.5,61.25,70.0,70.0,70.0,70.0,70.0,70.0,70.0,70.0,70.0,70.0,70.0,70.0,70.0,70.0,70.0,70.0,70.0,70.0,70.0,70.0
2.0,0.0,8.75,17.5,26.25,35.0,43.75,52.5,61.25,70.0,70.0,70.0,70.0,70.0,70.0,70.0,70.0,70.0,70.0,70.0,70.0,70.0,70.0,70.0,70.0,70.0,70.0,70.0,70.0
2.0,0.0,8.75,17.5,26.25,35.0,43.75,52.5,61.25,70.0,70.0,70.0,70.0,70.0,70.0,70.0,70.0,70.0,70.0,70.0,70.0,70.0,70.0,70.0,70.0,70.0,70.0,70.0,70.0
2.0,0.0,8.75,17.5,26.25,35.0,43.75,52.5,61.25,70.0,70.0,70.0,70.0,70.0,70.0,70.0,70.0,70.0,70.0,70.0,70.0,70.0,70.0,70.0,70.0,70.0,70.0,70.0,70.0
2.0,0.0,8.75,17.5,26.25,35.0,43.75,52.5,61.25,70.0,70.0,70.0,70.0,70.0,70.0,70.0,70.0,70.0,70.0,70.0,70.0,70.0,70.0,70.0,70.0,70.0,70.0,70.0,70.0
2.0,0.0,8.75,17.5,26.25,35.0,43.75,52.5,61.25,70.0,70.0,70.0,70.0,70.0,70.0,70.0,70.0,70.0,70.0,70.0,70.0,70.0,70.0,70.0,70.0,70.0,70.0,70.0,70.0
2.0,0.0,8.75,17.5,26.25,35.0,43.75,52.5,61.25,70.0,70.0,70.0,70.0,70.0,70.0,70.0,70.0,70.0,70.0,70.0,70.0,70.0,70.0,70.0,70.0,70.0,70.0,70.0,70.0
2.0,0.0,8.75,17.5,26.25,35.0,43.75,52.5,61.25,70.0,70.0,70.0,70.0,70.0,70.0,70.0,70.0,70.0,70.0,70.0,70.0,70.0,70.0,70.0,70.0,70.0,70.0,70.0,70.0
2.0,0.0,8.75,17.5,26.25,35.0,43.75,52.5,61.25,70.0,70.0,70.0,70.0,70.0,70.0,70.0,70.0,70.0,70.0,70.0,70.0,70.0,70.0,70.0,70.0,70.0,70.0,70.0,70.0
